"EntrezGene","Symbol","Associated Motif","Description","#of peaks"
"22764","Zfx","","zinc finger protein X-linked","8"
"94187","Zfp423","","zinc finger protein 423","8"
"21417","Zeb1","","zinc finger E-box binding homeobox 1","22"
"22337","Vdr","","vitamin D receptor","8"
"22278","Usf1","","upstream transcription factor 1","4"
"21908","Tlx1","","T-cell leukemia, homeobox 1","4"
"21418","Tfap2a","","transcription factor AP-2, alpha","26"
"21676","Tead1","","TEA domain family member 1","16"
"21423","Tcf3","","transcription factor 3","14"
"21374","Tbp","","TATA box binding protein","6"
"21349","Tal1","","T-cell acute lymphocytic leukemia 1","18"
"20997","T","","brachyury","2"
"20848","Stat3","","signal transducer and activator of transcription 3","12"
"20846","Stat1","","signal transducer and activator of transcription 1","8"
"20807","Srf","","serum response factor","12"
"79401","Spz1","","spermatogenic leucine zipper 1","2"
"272382","Spib","","Spi-B transcription factor (Spi-1","2"
"20683","Sp1","","trans-acting transcription factor 1","6"
"20682","Sox9","","SRY-box containing gene 9","2"
"20678","Sox5","","SRY-box containing gene 5","32"
"20674","Sox2","","SRY-box containing gene 2","14"
"20671","Sox17","","SRY-box containing gene 17","12"
"20181","Rxra","","retinoid X receptor alpha","32"
"12394","Runx1","","runt related transcription factor 1","14"
"68750","Rreb1","","ras responsive element binding protein 1","30"
"19712","Rest","","RE1-silencing transcription factor","16"
"19697","Rela","","v-rel reticuloendotheliosis viral oncogene homolog A (avian)","14"
"19696","Rel","","reticuloendotheliosis oncogene","22"
"19016","Pparg","","peroxisome proliferator activated receptor gamma","26"
"18999","Pou5f1","","POU domain, class 5, transcription factor 1","18"
"56711","Plag1","","pleiomorphic adenoma gene 1","2"
"18514","Pbx1","","pre B-cell leukemia transcription factor 1","28"
"18508","Pax6","","paired box gene 6","40"
"18507","Pax5","","paired box gene 5","14"
"18504","Pax2","","paired box gene 2","4"
"18227","Nr4a2","","nuclear receptor subfamily 4, group A, member 2","14"
"14815","Nr3c1","","nuclear receptor subfamily 3, group C, member 1","20"
"13865","Nr2f1","","nuclear receptor subfamily 2, group F, member 1","28"
"23958","Nr2e3","","nuclear receptor subfamily 2, group E, member 3","18"
"22260","Nr1h2","","nuclear receptor subfamily 1, group H, member 2","4"
"12020","Nkx3-2","","NK3 homeobox 2","6"
"18095","Nkx3-1","","NK-3 transcription factor, locus 1 (Drosophila)","4"
"18071","Nhlh1","","nescient helix loop helix 1","2"
"18044","Nfya","","nuclear transcription factor-Y alpha","4"
"18033","Nfkb1","","nuclear factor of kappa light polypeptide gene enhancer in B-cells 1, p105","32"
"18030","Nfil3","","nuclear factor, interleukin 3, regulated","4"
"18029","Nfic","","nuclear factor I","8"
"18024","Nfe2l2","","nuclear factor, erythroid derived 2, like 2","10"
"18019","Nfatc2","","nuclear factor of activated T-cells, cytoplasmic, calcineurin-dependent 2","10"
"18109","Mycn","","v-myc myelocytomatosis viral related oncogene, neuroblastoma derived (avian)","8"
"17869","Myc","","myelocytomatosis oncogene","16"
"17863","Myb","","myeloblastosis oncogene","20"
"17258","Mef2a","","myocyte enhancer factor 2A","14"
"17187","Max","","Max protein","14"
"16658","Mafb","","v-maf musculoaponeurotic fibrosarcoma oncogene family, protein B (avian)","2"
"16871","Lhx3","","LIM homeobox protein 3","4"
"16600","Klf4","","Kruppel-like factor 4 (gut)","10"
"16363","Irf2","","interferon regulatory factor 2","16"
"16362","Irf1","","interferon regulatory factor 1","8"
"53626","Insm1","","insulinoma-associated 1","2"
"15378","Hnf4a","","hepatic nuclear factor 4, alpha","6"
"21410","Hnf1b","","HNF1 homeobox B","8"
"21405","Hnf1a","","HNF1 homeobox A","6"
"217082","Hlf","","hepatic leukemia factor","20"
"15251","Hif1a","","hypoxia inducible factor 1, alpha subunit","36"
"15110","Hand1","","heart and neural crest derivatives expressed transcript 1","6"
"14460","Gata1","","GATA binding protein 1","12"
"14390","Gabpa","","GA repeat binding protein, alpha","18"
"15220","Foxq1","","forkhead box Q1","4"
"56484","Foxo3","","forkhead box O3","10"
"14233","Foxi1","","forkhead box I1","2"
"14238","Foxf2","","forkhead box F2","12"
"15221","Foxd3","","forkhead box D3","8"
"15229","Foxd1","","forkhead box D1","8"
"15376","Foxa2","","forkhead box A2","10"
"15375","Foxa1","","forkhead box A1","8"
"26380","Esrrb","","estrogen related receptor, beta","24"
"13983","Esr2","","estrogen receptor 2 (beta)","4"
"13982","Esr1","","estrogen receptor 1 (alpha)","22"
"13798","En1","","engrailed 1","8"
"13714","Elk4","","ELK4, member of ETS oncogene family","18"
"13712","Elk1","","ELK1, member of ETS oncogene family","4"
"13711","Elf5","","E74-like factor 5","16"
"13653","Egr1","","early growth response 1","4"
"13591","Ebf1","","early B-cell factor 1","32"
"13555","E2f1","","E2F transcription factor 1","10"
"13198","Ddit3","","DNA-damage inducible transcript 3","2"
"13018","Ctcf","","CCCTC-binding factor","8"
"12912","Creb1","","cAMP responsive element binding protein 1","14"
"12606","Cebpa","","CCAAT","2"
"11863","Arnt","","aryl hydrocarbon receptor nuclear translocator","6"
"11835","Ar","","androgen receptor","2"
"11622","Ahr","","aryl-hydrocarbon receptor","4"
"108946","Zzz3","NA","zinc finger, ZZ domain containing 3","10"
"80292","Zxdc","NA","ZXD family zinc finger C","2"
"72580","Zufsp","NA","zinc finger with UFM1-specific peptidase domain","2"
"328918","Zscan30","NA","zinc finger and SCAN domain containing 30","2"
"99334","Zscan29","NA","zinc finger SCAN domains 29","4"
"232878","Zscan22","NA","zinc finger and SCAN domain containing 22","2"
"22697","Zscan21","NA","zinc finger and SCAN domain containing 21","2"
"22691","Zscan2","NA","zinc finger and SCAN domain containing 2","4"
"22758","Zscan12","NA","zinc finger and SCAN domain containing 12","6"
"98999","Znfx1","NA","zinc finger, NFX1-type containing 1","24"
"269401","Znf512b","NA","zinc finger protein 512B","4"
"67178","Zmat5","NA","zinc finger, matrin type 5","4"
"320158","Zmat4","NA","zinc finger, matrin type 4","2"
"22401","Zmat3","NA","zinc finger matrin type 3","14"
"66492","Zmat2","NA","zinc finger, matrin type 2","4"
"215693","Zmat1","NA","zinc finger, matrin type 1","6"
"52712","Zkscan6","NA","zinc finger with KRAB and SCAN domains 6","2"
"22757","Zkscan5","NA","zinc finger with KRAB and SCAN domains 5","4"
"72739","Zkscan3","NA","zinc finger with KRAB and SCAN domains 3","2"
"210162","Zkscan2","NA","zinc finger with KRAB and SCAN domains 2","4"
"268417","Zkscan17","NA","zinc finger with KRAB and SCAN domains 17","18"
"100041581","Zkscan16","NA","zinc finger with KRAB and SCAN domains 16","2"
"67235","Zkscan14","NA","zinc finger with KRAB and SCAN domains 14","4"
"74570","Zkscan1","NA","zinc finger with KRAB and SCAN domains 1","4"
"76637","Zim2","NA","zinc finger, imprinted 2","2"
"22776","Zim1","NA","zinc finger, imprinted 1","2"
"22775","Zik1","NA","zinc finger protein interacting with K protein 1","2"
"65100","Zic5","NA","zinc finger protein of the cerebellum 5","4"
"22774","Zic4","NA","zinc finger protein of the cerebellum 4","20"
"22773","Zic3","NA","zinc finger protein of the cerebellum 3","8"
"22772","Zic2","NA","zinc finger protein of the cerebellum 2","12"
"22771","Zic1","NA","zinc finger protein of the cerebellum 1","10"
"320799","Zhx3","NA","zinc fingers and homeoboxes 3","12"
"387609","Zhx2","NA","zinc fingers and homeoboxes 2","16"
"22770","Zhx1","NA","zinc fingers and homeoboxes 1","6"
"229007","Zgpat","NA","zinc finger, CCCH-type with G patch domain","12"
"211978","Zfyve26","NA","zinc finger, FYVE domain containing 26","2"
"22768","Zfy2","NA","zinc finger protein 2, Y linked","2"
"22762","Zfpm2","NA","zinc finger protein, multitype 2","18"
"22761","Zfpm1","NA","zinc finger protein, multitype 1","8"
"234413","Zfp961","NA","zinc finger protein 961","2"
"233987","Zfp958","NA","zinc finger protein 958","8"
"629016","Zfp953","NA","zinc finger protein 953","2"
"240041","Zfp945","NA","zinc finger protein 945","6"
"407812","Zfp941","NA","zinc finger protein 941","2"
"233057","Zfp940","NA","zinc finger protein 940","4"
"22756","Zfp94","NA","zinc finger protein 94","2"
"22754","Zfp92","NA","zinc finger protein 92","2"
"109910","Zfp91","NA","zinc finger protein 91","8"
"22751","Zfp90","NA","zinc finger protein 90","4"
"22750","Zfp9","NA","zinc finger protein 9","2"
"408067","Zfp874b","NA","zinc finger protein 874b","2"
"238692","Zfp874a","NA","zinc finger protein 874a","2"
"619310","Zfp872","NA","zinc finger protein 872","4"
"170763","Zfp87","NA","zinc finger protein 87","2"
"237775","Zfp867","NA","zinc finger protein 867","4"
"244721","Zfp846","NA","zinc finger protein 846","8"
"74352","Zfp84","NA","zinc finger protein 84","8"
"72805","Zfp839","NA","zinc finger protein 839","4"
"66983","Zfp830","NA","zinc finger protein 830","2"
"101994","Zfp828","NA","zinc finger protein 828","2"
"622675","Zfp827","NA","zinc finger protein 827","12"
"75871","Zfp821","NA","zinc finger protein 821","6"
"330502","Zfp82","NA","zinc finger protein 82","6"
"235050","Zfp810","NA","zinc finger protein 810","2"
"241514","Zfp804a","NA","zinc finger protein 804A","4"
"627049","Zfp800","NA","zinc finger protein 800","20"
"240064","Zfp799","NA","zinc finger protein 799","2"
"244556","Zfp791","NA","zinc finger protein 791","2"
"233056","Zfp790","NA","zinc finger protein 790","2"
"67607","Zfp788","NA","zinc finger protein 788","2"
"67109","Zfp787","NA","zinc finger protein 787","4"
"330301","Zfp786","NA","zinc finger protein 786","2"
"654801","Zfp784","NA","zinc finger protein 784","4"
"338354","Zfp780b","NA","zinc finger protein 780B","4"
"330463","Zfp78","NA","zinc finger protein 78","2"
"72306","Zfp777","NA","zinc finger protein 777","6"
"243372","Zfp775","NA","zinc finger protein 775","2"
"244216","Zfp771","NA","zinc finger protein 771","2"
"228491","Zfp770","NA","zinc finger protein 770","2"
"233890","Zfp768","NA","zinc finger protein 768","6"
"233893","Zfp764","NA","zinc finger protein 764","4"
"268670","Zfp759","NA","zinc finger protein 759","4"
"319530","Zfp750","NA","zinc finger protein 750","10"
"212276","Zfp748","NA","zinc finger protein 748","2"
"269997","Zfp747","NA","zinc finger protein 747","6"
"69228","Zfp746","NA","zinc finger protein 746","2"
"68744","Zfp740","NA","zinc finger protein 740","10"
"72723","Zfp74","NA","zinc finger protein 74","6"
"408068","Zfp738","NA","zinc finger protein 738","2"
"210105","Zfp719","NA","zinc finger protein 719","6"
"69930","Zfp715","NA","zinc finger protein 715","4"
"78251","Zfp712","NA","zinc finger protein 712","2"
"245595","Zfp711","NA","zinc finger protein 711","4"
"209225","Zfp710","NA","zinc finger protein 710","28"
"235907","Zfp71-rs1","NA","zinc finger protein 71, related sequence","4"
"236193","Zfp709","NA","zinc finger protein 709","8"
"432769","Zfp708","NA","zinc finger protein 708","4"
"69020","Zfp707","NA","zinc finger protein 707","8"
"68036","Zfp706","NA","zinc finger protein 706","12"
"170753","Zfp704","NA","zinc finger protein 704","8"
"353310","Zfp703","NA","zinc finger protein 703","10"
"223669","Zfp7","NA","zinc finger protein 7","4"
"242109","Zfp697","NA","zinc finger protein 697","4"
"195522","Zfp691","NA","zinc finger protein 691","4"
"381549","Zfp69","NA","zinc finger protein 69","2"
"71131","Zfp689","NA","zinc finger protein 689","4"
"69234","Zfp688","NA","zinc finger protein 688","4"
"78266","Zfp687","NA","zinc finger protein 687","4"
"24135","Zfp68","NA","zinc finger protein 68","8"
"210503","Zfp677","NA","zinc finger protein 677","2"
"319475","Zfp672","NA","zinc finger protein 672","6"
"244219","Zfp668","NA","zinc finger protein 668","10"
"384763","Zfp667","NA","zinc finger protein 667","4"
"269704","Zfp664","NA","zinc finger protein 664","4"
"72180","Zfp661","NA","zinc finger protein 661","2"
"210104","Zfp658","NA","zinc finger protein 658","6"
"72611","Zfp655","NA","zinc finger protein 655","6"
"319601","Zfp653","NA","zinc finger protein 653","2"
"268469","Zfp652","NA","zinc finger protein 652","14"
"270210","Zfp651","NA","zinc finger protein 651","4"
"239546","Zfp647","NA","zinc finger protein 647","4"
"233905","Zfp646","NA","zinc finger protein 646","10"
"52397","Zfp644","NA","zinc finger protein 644","18"
"239652","Zfp641","NA","zinc finger protein 641","2"
"22722","Zfp64","NA","zinc finger protein 64","8"
"67778","Zfp639","NA","zinc finger protein 639","6"
"232337","Zfp637","NA","zinc finger protein 637","4"
"320683","Zfp629","NA","zinc finger protein 629","4"
"232816","Zfp628","NA","zinc finger protein 628","6"
"78834","Zfp623","NA","zinc finger protein 623","4"
"52521","Zfp622","NA","zinc finger protein 622","12"
"22720","Zfp62","NA","zinc finger protein 62","6"
"70227","Zfp619","NA","zinc finger protein 619","4"
"72701","Zfp618","NA","zinc fingerprotein 618","4"
"234725","Zfp612","NA","zinc finger protein 612","4"
"214812","Zfp609","NA","zinc finger protein 609","6"
"269023","Zfp608","NA","zinc finger protein 608","20"
"545938","Zfp607","NA","zinc finger proten 607","4"
"67370","Zfp606","NA","zinc finger protein 606","4"
"675812","Zfp605","NA","zinc finger protein 605","6"
"22718","Zfp60","NA","zinc finger protein 60","8"
"213753","Zfp598","NA","zinc finger protein 598","4"
"71063","Zfp597","NA","zinc finger protein 597","12"
"218314","Zfp595","NA","zinc finger protein 595","6"
"68040","Zfp593","NA","zinc finger protein 593","10"
"233410","Zfp592","NA","zinc finger protein 592","10"
"22717","Zfp59","NA","zinc finger protein 59","4"
"213011","Zfp583","NA","zinc finger protein 583","2"
"68992","Zfp580","NA","zinc finger protein 580","12"
"238693","Zfp58","NA","zinc finger protein 58","4"
"68490","Zfp579","NA","zinc finger protein 579","14"
"101544","Zfp575","NA","zinc finger protein 575","2"
"232976","Zfp574","NA","zinc finger protein 574","4"
"22715","Zfp57","NA","zinc finger protein 57","12"
"72556","Zfp566","NA","zinc finger protein 566","4"
"240068","Zfp563","NA","zinc finger protein 563","2"
"434377","Zfp560","NA","zinc finger protein 560","2"
"72230","Zfp558","NA","zinc finger protein 558","12"
"233887","Zfp553","NA","zinc finger protein 553","6"
"243937","Zfp536","NA","zinc finger protein 536","18"
"328977","Zfp532","NA","zinc finger protein 532","12"
"24132","Zfp53","NA","zinc finger protein 53","10"
"210172","Zfp526","NA","zinc finger protein 526","2"
"66056","Zfp524","NA","zinc finger protein 524","6"
"224656","Zfp523","NA","zinc finger protein 523","4"
"225207","Zfp521","NA","zinc finger protein 521","10"
"100515","Zfp518b","NA","zinc finger protein 518B","2"
"72672","Zfp518a","NA","zinc finger protein 518A","2"
"329003","Zfp516","NA","zinc finger protein 516","14"
"101023","Zfp513","NA","zinc finger protein 513","4"
"269639","Zfp512","NA","zinc finger protein 512","6"
"69752","Zfp511","NA","zinc finger protein 511","2"
"22709","Zfp51","NA","zinc finger protein 51","2"
"668501","Zfp507","NA","zinc finger protein 507","2"
"218820","Zfp503","NA","zinc finger protein 503","10"
"666311","Zfp498","NA","zinc finger protein 498","2"
"382867","Zfp488","NA","zinc finger protein 488","4"
"66758","Zfp474","NA","zinc finger protein 474","4"
"68910","Zfp467","NA","zinc finger protein 467","12"
"242466","Zfp462","NA","zinc finger protein 462","12"
"22704","Zfp46","NA","zinc finger protein 46","12"
"238690","Zfp458","NA","zinc finger protein 458","2"
"408065","Zfp456","NA","zinc finger protein 456","2"
"218311","Zfp455","NA","zinc finger protein 455","2"
"237758","Zfp454","NA","zinc finger protein 454","2"
"98403","Zfp451","NA","zinc finger protein 451","10"
"78619","Zfp449","NA","zinc finger protein 449","2"
"269870","Zfp446","NA","zinc finger protein 446","10"
"235682","Zfp445","NA","zinc finger protein 445","6"
"72667","Zfp444","NA","zinc finger protein 444","4"
"240186","Zfp438","NA","zinc finger protein 438","6"
"72807","Zfp429","NA","zinc finger protein 429","2"
"232969","Zfp428","NA","zinc finger protein 428","18"
"235028","Zfp426","NA","zinc finger protein 426","4"
"67255","Zfp422","NA","zinc finger protein 422","8"
"233058","Zfp420","NA","zinc finger protein 420","2"
"22702","Zfp42","NA","zinc finger protein 42","10"
"232854","Zfp418","NA","zinc finger protein 418","2"
"328801","Zfp414","NA","zinc finger protein 414","10"
"52708","Zfp410","NA","zinc finger protein 410","6"
"22701","Zfp41","NA","zinc finger protein 41","4"
"381410","Zfp408","NA","zinc finger protein 408","6"
"240476","Zfp407","NA","zinc finger protein 407","8"
"272347","Zfp398","NA","zinc finger protein 398","10"
"69256","Zfp397","NA","zinc finger protein 397","6"
"380912","Zfp395","NA","zinc finger protein 395","14"
"22698","Zfp39","NA","zinc finger protein 39","8"
"56220","Zfp386","NA","zinc finger protein 386 (Kruppel-like)","4"
"278304","Zfp385c","NA","zinc finger protein 385C","4"
"241494","Zfp385b","NA","zinc finger protein 385B","28"
"29813","Zfp385a","NA","zinc finger protein 385A","8"
"269800","Zfp384","NA","zinc finger protein 384","10"
"233060","Zfp382","NA","zinc finger protein 382","2"
"22696","Zfp37","NA","zinc finger protein 37","16"
"12193","Zfp36l2","NA","zinc finger protein 36, C3H type-like 2","30"
"12192","Zfp36l1","NA","zinc finger protein 36, C3H type-like 1","4"
"170936","Zfp369","NA","zinc finger protein 369","6"
"238673","Zfp367","NA","zinc finger protein 367","14"
"238803","Zfp366","NA","zinc finger protein 366","4"
"216049","Zfp365","NA","zinc finger protein 365","10"
"230761","Zfp362","NA","zinc finger protein 362","10"
"140482","Zfp358","NA","zinc finger protein 358","2"
"30944","Zfp354c","NA","zinc finger protein 354C","4"
"27274","Zfp354b","NA","zinc finger protein 354B","2"
"21408","Zfp354a","NA","zinc finger protein 354A","2"
"26919","Zfp346","NA","zinc finger protein 346","4"
"228807","Zfp341","NA","zinc finger protein 341","2"
"329559","Zfp335","NA","zinc finger protein 335","4"
"228876","Zfp334","NA","zinc finger protein 334","4"
"67230","Zfp329","NA","zinc finger protein 329","4"
"54367","Zfp326","NA","zinc finger protein 326","4"
"243834","Zfp324","NA","zinc finger protein 324","6"
"218100","Zfp322a","NA","zinc finger protein 322A","4"
"79233","Zfp319","NA","zinc finger protein 319","6"
"57908","Zfp318","NA","zinc finger protein 318","8"
"244713","Zfp317","NA","zinc finger protein 317","8"
"22693","Zfp30","NA","zinc finger protein 30","2"
"193043","Zfp3","NA","zinc finger protein 3","2"
"63872","Zfp296","NA","zinc finger protein 296","4"
"114565","Zfp295","NA","zinc finger protein 295","8"
"30046","Zfp292","NA","zinc finger protein 292","6"
"170740","Zfp287","NA","zinc finger protein 287","2"
"192651","Zfp286","NA","zinc finger protein 286","4"
"101095","Zfp282","NA","zinc finger protein 282","8"
"226442","Zfp281","NA","zinc finger protein 281","8"
"235469","Zfp280d","NA","zinc finger protein 280D","12"
"208968","Zfp280c","NA","zinc finger protein 280C","6"
"64453","Zfp280b","NA","zinc finger protein 280B","4"
"22690","Zfp28","NA","zinc finger protein 28","2"
"246196","Zfp277","NA","zinc finger protein 277","2"
"57247","Zfp276","NA","zinc finger protein (C2H2 type) 276","4"
"27081","Zfp275","NA","zinc finger protein 275","6"
"212569","Zfp273","NA","zinc finger protein 273","2"
"22689","Zfp27","NA","zinc finger protein 27","4"
"74120","Zfp263","NA","zinc finger protein 263","8"
"26466","Zfp260","NA","zinc finger protein 260","2"
"22688","Zfp26","NA","zinc finger protein 26","2"
"71591","Zfp251","NA","zinc finger protein 251","4"
"72720","Zfp248","NA","zinc finger protein 248","2"
"22685","Zfp239","NA","zinc finger protein 239","4"
"30928","Zfp238","NA","zinc finger protein 238","20"
"329002","Zfp236","NA","zinc finger protein 236","2"
"56525","Zfp235","NA","zinc finger protein 235","4"
"69890","Zfp219","NA","zinc finger protein 219","34"
"228913","Zfp217","NA","zinc finger protein 217","4"
"449521","Zfp213","NA","zinc finger protein 213","2"
"232784","Zfp212","NA","Zinc finger protein 212","2"
"22680","Zfp207","NA","zinc finger protein 207","8"
"80902","Zfp202","NA","zinc finger protein 202","2"
"22678","Zfp2","NA","zinc finger protein 2","2"
"93681","Zfp192","NA","zinc finger protein 192","4"
"59057","Zfp191","NA","zinc finger protein 191","4"
"230162","Zfp189","NA","zinc finger protein 189","2"
"432731","Zfp187","NA","zinc finger protein 187","4"
"193452","Zfp184","NA","zinc finger protein 184 (Kruppel-like)","2"
"319535","Zfp182","NA","zinc finger protein 182","2"
"210135","Zfp180","NA","zinc finger protein 180","4"
"385674","Zfp174","NA","zinc finger protein 174","2"
"382118","Zfp167","NA","zinc finger protein 167","2"
"22666","Zfp161","NA","zinc finger protein 161","8"
"224585","Zfp160","NA","zinc finger protein 160","4"
"22661","Zfp148","NA","zinc finger protein 148","6"
"26465","Zfp146","NA","zinc finger protein 146","4"
"20841","Zfp143","NA","zinc finger protein 143","2"
"77264","Zfp142","NA","zinc finger protein 142","6"
"434178","Zfp141","NA","zinc finger protein 141","4"
"243906","Zfp14","NA","zinc finger protein 14","2"
"22654","Zfp13","NA","zinc finger protein 13","4"
"243833","Zfp128","NA","zinc finger protein 128","2"
"231866","Zfp12","NA","zinc finger protein 12","2"
"56314","Zfp113","NA","zinc finger protein 113","2"
"56707","Zfp111","NA","zinc finger protein 111","2"
"65020","Zfp110","NA","zinc finger protein 110","8"
"22648","Zfp11","NA","zinc finger protein 11","6"
"54678","Zfp108","NA","zinc finger protein 108","2"
"20402","Zfp106","NA","zinc finger protein 106","10"
"22646","Zfp105","NA","zinc finger protein 105","4"
"22640","Zfp1","NA","zinc finger protein 1","6"
"80892","Zfhx4","NA","zinc finger homeodomain 4","12"
"11906","Zfhx3","NA","zinc finger homeobox 3","20"
"239102","Zfhx2","NA","zinc finger homeobox 2","4"
"380993","Zfat","NA","zinc finger and AT hook domain containing","2"
"24136","Zeb2","NA","zinc finger E-box binding homeobox 2","72"
"214290","Zcchc6","NA","zinc finger, CCHC domain containing 6","14"
"230594","Zcchc11","NA","zinc finger, CCHC domain containing 11","12"
"57432","Zc3h8","NA","zinc finger CCCH type containing 8","4"
"20286","Zc3h7b","NA","zinc finger CCCH type containing 7B","10"
"106205","Zc3h7a","NA","zinc finger CCCH type containing 7 A","12"
"78751","Zc3h6","NA","zinc finger CCCH type containing 6","6"
"330474","Zc3h4","NA","zinc finger CCCH-type containing 4","4"
"223642","Zc3h3","NA","zinc finger CCCH type containing 3","4"
"76014","Zc3h18","NA","zinc finger CCCH-type containing 18","6"
"69082","Zc3h15","NA","zinc finger CCCH-type containing 15","12"
"75553","Zc3h14","NA","zinc finger CCCH type containing 14","6"
"67302","Zc3h13","NA","zinc finger CCCH type containing 13","12"
"547176","Zc3h12b","NA","zinc finger CCCH-type containing 12B","4"
"230738","Zc3h12a","NA","zinc finger CCCH type containing 12A","14"
"70579","Zc3h11a","NA","zinc finger CCCH type containing 11A","6"
"103284","Zc3h10","NA","zinc finger CCCH type containing 10","4"
"474156","Zbtb9","NA","zinc finger and BTB domain containing 9","2"
"215627","Zbtb8b","NA","zinc finger and BTB domain containing 8b","2"
"73680","Zbtb8a","NA","zinc finger and BTB domain containing 8a","6"
"207259","Zbtb7c","NA","zinc finger and BTB domain containing 7C","8"
"22724","Zbtb7b","NA","zinc finger and BTB domain containing 7B","16"
"16969","Zbtb7a","NA","zinc finger and BTB domain containing 7a","24"
"241322","Zbtb6","NA","zinc finger and BTB domain containing 6","6"
"230119","Zbtb5","NA","zinc finger and BTB domain containing 5","10"
"75079","Zbtb49","NA","zinc finger and BTB domain containing 49","4"
"100090","Zbtb48","NA","zinc finger and BTB domain containing 48","4"
"72147","Zbtb46","NA","zinc finger and BTB domain containing 46","2"
"232879","Zbtb45","NA","zinc finger and BTB domain containing 45","6"
"235132","Zbtb44","NA","zinc finger and BTB domain containing 44","10"
"71834","Zbtb43","NA","zinc finger and BTB domain containing 43","2"
"382639","Zbtb42","NA","zinc finger and BTB domain containing 42","12"
"226470","Zbtb41","NA","zinc finger and BTB domain containing 41 homolog","2"
"230848","Zbtb40","NA","zinc finger and BTB domain containing 40","2"
"75580","Zbtb4","NA","zinc finger and BTB domain containing 4","6"
"320080","Zbtb39","NA","zinc finger and BTB domain containing 39","4"
"245007","Zbtb38","NA","zinc finger and BTB domain containing 38","26"
"240869","Zbtb37","NA","zinc finger and BTB domain containing 37","4"
"56805","Zbtb33","NA","zinc finger and BTB domain containing 33","8"
"58206","Zbtb32","NA","zinc finger and BTB domain containing 32","10"
"75291","Zbtb3","NA","zinc finger and BTB domain containing 3","4"
"320633","Zbtb26","NA","zinc finger and BTB domain containing 26","2"
"109929","Zbtb25","NA","zinc finger and BTB domain containing 25","20"
"268294","Zbtb24","NA","zinc finger and BTB domain containing 24","2"
"81630","Zbtb22","NA","zinc finger and BTB domain containing 22","4"
"56490","Zbtb20","NA","zinc finger and BTB domain containing 20","60"
"381990","Zbtb2","NA","zinc finger and BTB domain containing 2","6"
"22642","Zbtb17","NA","zinc finger and BTB domain containing 17","2"
"235320","Zbtb16","NA","zinc finger and BTB domain containing 16","10"
"193736","Zbtb12","NA","zinc finger and BTB domain containing 12","8"
"271377","Zbtb11","NA","zinc finger and BTB domain containing 11","16"
"229055","Zbtb10","NA","zinc finger and BTB domain containing 10","2"
"268564","Zbtb1","NA","zinc finger and BTB domain containing 1","6"
"58203","Zbp1","NA","Z-DNA binding protein 1","8"
"667118","Zbed6","NA","zinc finger, BED domain containing 6","6"
"223773","Zbed4","NA","zinc finger, BED domain containing 4","2"
"72114","Zbed3","NA","zinc finger, BED domain containing 3","12"
"100073351","Yy2","NA","Yy2 transcription factor","2"
"22632","Yy1","NA","YY1 transcription factor","12"
"64050","Yeats4","NA","YEATS domain containing 4","4"
"208146","Yeats2","NA","YEATS domain containing 2","2"
"53422","Ybx2","NA","Y box protein 2","26"
"22608","Ybx1","NA","Y box protein 1","18"
"22433","Xbp1","NA","X-box binding protein 1","10"
"22431","Wt1","NA","Wilms tumor 1 homolog","28"
"22404","Wiz","NA","widely-interspaced zinc finger motifs","10"
"107823","Whsc1","NA","Wolf-Hirschhorn syndrome candidate 1 (human)","6"
"218973","Wdhd1","NA","WD repeat and HMG-box DNA binding protein 1","6"
"12677","Vsx2","NA","visual system homeobox 2","2"
"114889","Vsx1","NA","visual system homeobox 1 homolog (zebrafish)","2"
"22344","Vezf1","NA","vascular endothelial zinc finger 1","10"
"24113","Vax2","NA","ventral anterior homeobox containing gene 2","2"
"22326","Vax1","NA","ventral anterior homeobox containing gene 1","4"
"22286","Utf1","NA","undifferentiated embryonic cell transcription factor 1","10"
"22282","Usf2","NA","upstream transcription factor 2","12"
"74154","Unkl","NA","unkempt-like (Drosophila)","2"
"217331","Unk","NA","unkempt homolog (Drosophila)","2"
"22255","Uncx","NA","UNC homeobox","6"
"21429","Ubtf","NA","upstream binding transcription factor, RNA polymerase I","26"
"22221","Ubp1","NA","upstream binding protein 1","14"
"13345","Twist2","NA","twist homolog 2 (Drosophila)","6"
"22160","Twist1","NA","twist homolog 1 (Drosophila)","4"
"22141","Tub","NA","tubby candidate gene","6"
"74044","Ttf2","NA","transcription termination factor, RNA polymerase II","4"
"22130","Ttf1","NA","transcription termination factor, RNA polymerase I","2"
"243931","Tshz3","NA","teashirt zinc finger family member 3","4"
"228911","Tshz2","NA","teashirt zinc finger family member 2","16"
"110796","Tshz1","NA","teashirt zinc finger family member 1","10"
"78829","Tsc22d4","NA","TSC22 domain family, member 4","36"
"14605","Tsc22d3","NA","TSC22 domain family, member 3","22"
"72033","Tsc22d2","NA","TSC22 domain family, member 2","2"
"21807","Tsc22d1","NA","TSC22 domain family, member 1","24"
"83925","Trps1","NA","trichorhinophalangeal syndrome I (human)","30"
"22062","Trp73","NA","transformation related protein 73","4"
"22061","Trp63","NA","transformation related protein 63","8"
"22059","Trp53","NA","transformation related protein 53","10"
"224829","Trerf1","NA","transcriptional regulating factor 1","8"
"268741","Tox4","NA","TOX high mobility group box family member 4","4"
"244579","Tox3","NA","TOX high mobility group box family member 3","4"
"269389","Tox2","NA","TOX high mobility group box family member 2","14"
"252838","Tox","NA","thymocyte selection-associated high mobility group box","12"
"106021","Topors","NA","topoisomerase I binding, arginine","2"
"68276","Toe1","NA","target of EGR1, member 1 (nuclear)","4"
"27140","Tlx3","NA","T-cell leukemia, homeobox 3","8"
"21909","Tlx2","NA","T-cell leukemia, homeobox 2","2"
"21834","Thrb","NA","thyroid hormone receptor beta","14"
"21833","Thra","NA","thyroid hormone receptor alpha","22"
"75629","Thap8","NA","THAP domain containing 8","2"
"69009","Thap7","NA","THAP domain containing 7","8"
"381650","Thap6","NA","THAP domain containing 6","12"
"67026","Thap4","NA","THAP domain containing 4","8"
"69876","Thap3","NA","THAP domain containing, apoptosis associated protein 3","4"
"66816","Thap2","NA","THAP domain containing, apoptosis associated protein 2","12"
"59016","Thap11","NA","THAP domain containing 11","2"
"73754","Thap1","NA","THAP domain containing, apoptosis associated protein 1","2"
"228839","Tgif2","NA","TGFB-induced factor homeobox 2","14"
"21815","Tgif1","NA","TGFB-induced factor homeobox 1","32"
"21426","Tfec","NA","transcription factor EC","12"
"21425","Tfeb","NA","transcription factor EB","18"
"209446","Tfe3","NA","transcription factor E3","28"
"211586","Tfdp2","NA","transcription factor Dp 2","20"
"21781","Tfdp1","NA","transcription factor Dp 1","6"
"81879","Tfcp2l1","NA","transcription factor CP2-like 1","4"
"21422","Tfcp2","NA","transcription factor CP2","4"
"15278","Tfb2m","NA","transcription factor B2, mitochondrial","4"
"224481","Tfb1m","NA","transcription factor B1, mitochondrial","8"
"83383","Tfap4","NA","transcription factor AP4","8"
"332937","Tfap2e","NA","transcription factor AP-2, epsilon","2"
"226896","Tfap2d","NA","transcription factor AP-2, delta","2"
"21420","Tfap2c","NA","transcription factor AP-2, gamma","8"
"21419","Tfap2b","NA","transcription factor AP-2 beta","26"
"21780","Tfam","NA","transcription factor A, mitochondrial","8"
"194388","Tet3","NA","tet oncogene family member 3","6"
"214133","Tet2","NA","tet oncogene family member 2","10"
"52463","Tet1","NA","tet oncogene 1","12"
"21750","Terf2","NA","telomeric repeat binding factor 2","4"
"21749","Terf1","NA","telomeric repeat binding factor 1","4"
"21685","Tef","NA","thyrotroph embryonic factor","20"
"21679","Tead4","NA","TEA domain family member 4","12"
"21678","Tead3","NA","TEA domain family member 3","4"
"21677","Tead2","NA","TEA domain family member 2","12"
"277353","Tcfl5","NA","transcription factor-like 5 (basic helix-loop-helix)","14"
"21416","Tcf7l2","NA","transcription factor 7-like 2, T-cell specific, HMG-box","82"
"21415","Tcf7l1","NA","transcription factor 7-like 1 (T-cell specific, HMG box)","10"
"21414","Tcf7","NA","transcription factor 7, T-cell specific","24"
"21413","Tcf4","NA","transcription factor 4","50"
"66855","Tcf25","NA","transcription factor 25 (basic helix-loop-helix)","16"
"69852","Tcf23","NA","transcription factor 23","6"
"21412","Tcf21","NA","transcription factor 21","2"
"21411","Tcf20","NA","transcription factor 20","2"
"106795","Tcf19","NA","transcription factor 19","2"
"21407","Tcf15","NA","transcription factor 15","2"
"21406","Tcf12","NA","transcription factor 12","12"
"21388","Tbx5","NA","T-box 5","10"
"21387","Tbx4","NA","T-box 4","8"
"21386","Tbx3","NA","T-box 3","30"
"245572","Tbx22","NA","T-box 22","2"
"57765","Tbx21","NA","T-box 21","2"
"57246","Tbx20","NA","T-box 20","2"
"21385","Tbx2","NA","T-box 2","10"
"83993","Tbx19","NA","T-box 19","6"
"76365","Tbx18","NA","T-box18","8"
"21384","Tbx15","NA","T-box 15","14"
"21380","Tbx1","NA","T-box 1","6"
"21375","Tbr1","NA","T-box brain gene 1","8"
"237336","Tbpl1","NA","TATA box binding protein-like 1","16"
"76281","Tax1bp3","NA","Tax1 (human T-cell leukemia virus type I) binding protein 3","4"
"52440","Tax1bp1","NA","Tax1 (human T-cell leukemia virus type I) binding protein 1","14"
"21350","Tal2","NA","T-cell acute lymphocytic leukemia 2","2"
"270627","Taf1","NA","TAF1 RNA polymerase II, TATA box binding protein (TBP)-associated factor","4"
"231151","Tada2b","NA","transcriptional adaptor 2B","2"
"217031","Tada2a","NA","transcriptional adaptor 2A","6"
"20852","Stat6","NA","signal transducer and activator of transcription 6","18"
"20851","Stat5b","NA","signal transducer and activator of transcription 5B","10"
"20850","Stat5a","NA","signal transducer and activator of transcription 5A","22"
"20849","Stat4","NA","signal transducer and activator of transcription 4","14"
"20847","Stat2","NA","signal transducer and activator of transcription 2","6"
"240690","St18","NA","suppression of tumorigenicity 18","14"
"20833","Ssrp1","NA","structure specific recognition protein 1","12"
"20788","Srebf2","NA","sterol regulatory element binding factor 2","12"
"20787","Srebf1","NA","sterol regulatory element binding transcription factor 1","14"
"20728","Spic","NA","Spi-C transcription factor (Spi-1","4"
"30051","Spdef","NA","SAM pointed domain containing ets transcription factor","4"
"381373","Sp9","NA","trans-acting transcription factor 9","4"
"320145","Sp8","NA","trans-acting transcription factor 8","10"
"170574","Sp7","NA","Sp7 transcription factor 7","8"
"83395","Sp6","NA","trans-acting transcription factor 6","4"
"64406","Sp5","NA","trans-acting transcription factor 5","2"
"20688","Sp4","NA","trans-acting transcription factor 4","8"
"20687","Sp3","NA","trans-acting transcription factor 3","14"
"78912","Sp2","NA","Sp2 transcription factor","6"
"434484","Sp140","NA","Sp140 nuclear body protein","12"
"109032","Sp110","NA","Sp110 nuclear body protein","2"
"20684","Sp100","NA","nuclear antigen Sp100","22"
"20681","Sox8","NA","SRY-box containing gene 8","2"
"20680","Sox7","NA","SRY-box containing gene 7","2"
"20679","Sox6","NA","SRY-box containing gene 6","24"
"20677","Sox4","NA","SRY-box containing gene 4","18"
"214105","Sox30","NA","SRY-box containing gene 30","6"
"20675","Sox3","NA","SRY-box containing gene 3","2"
"223227","Sox21","NA","SRY-box containing gene 21","14"
"20672","Sox18","NA","SRY-box containing gene 18","4"
"20670","Sox15","NA","SRY-box containing gene 15","10"
"20669","Sox14","NA","SRY-box containing gene 14","4"
"20668","Sox13","NA","SRY-box containing gene 13","4"
"20667","Sox12","NA","SRY-box containing gene 12","16"
"20666","Sox11","NA","SRY-box containing gene 11","12"
"20665","Sox10","NA","SRY-box containing gene 10","2"
"20664","Sox1","NA","SRY-box containing gene 1","18"
"74434","Sohlh2","NA","spermatogenesis and oogenesis specific basic helix-loop-helix 2","4"
"227631","Sohlh1","NA","spermatogenesis and oogenesis specific basic helix-loop-helix 1","4"
"227644","Snapc4","NA","small nuclear RNA activating complex, polypeptide 4","2"
"30927","Snai3","NA","snail homolog 3 (Drosophila)","2"
"20583","Snai2","NA","snail homolog 2 (Drosophila)","10"
"20613","Snai1","NA","snail homolog 1 (Drosophila)","2"
"57376","Smarce1","NA","SWI","12"
"66993","Smarcd3","NA","SWI","22"
"83796","Smarcd2","NA","SWI","10"
"83797","Smarcd1","NA","SWI","10"
"68094","Smarcc2","NA","SWI","14"
"20588","Smarcc1","NA","SWI","4"
"20587","Smarcb1","NA","SWI","8"
"54380","Smarcal1","NA","SWI","4"
"13990","Smarcad1","NA","SWI","10"
"93762","Smarca5","NA","SWI","4"
"20586","Smarca4","NA","SWI","20"
"67155","Smarca2","NA","SWI","20"
"93761","Smarca1","NA","SWI","10"
"55994","Smad9","NA","MAD homolog 9 (Drosophila)","6"
"17131","Smad7","NA","MAD homolog 7 (Drosophila)","8"
"17130","Smad6","NA","MAD homolog 6 (Drosophila)","20"
"17129","Smad5","NA","MAD homolog 5 (Drosophila)","10"
"17128","Smad4","NA","MAD homolog 4 (Drosophila)","4"
"17127","Smad3","NA","MAD homolog 3 (Drosophila)","14"
"17126","Smad2","NA","MAD homolog 2 (Drosophila)","12"
"17125","Smad1","NA","MAD homolog 1 (Drosophila)","12"
"109108","Slc30a9","NA","solute carrier family 30 (zinc transporter), member 9","8"
"664805","Skor2","NA","SKI family transcriptional corepressor 2","6"
"207667","Skor1","NA","SKI family transcriptional corepressor 1","2"
"20482","Skil","NA","SKI-like","22"
"20481","Ski","NA","ski sarcoma viral oncogene homolog (avian)","4"
"20476","Six6","NA","sine oculis-related homeobox 6 homolog (Drosophila)","8"
"20475","Six5","NA","sine oculis-related homeobox 5 homolog (Drosophila)","2"
"20474","Six4","NA","sine oculis-related homeobox 4 homolog (Drosophila)","2"
"20473","Six3","NA","sine oculis-related homeobox 3 homolog (Drosophila)","22"
"20472","Six2","NA","sine oculis-related homeobox 2 homolog (Drosophila)","4"
"20471","Six1","NA","sine oculis-related homeobox 1 homolog (Drosophila)","8"
"20465","Sim2","NA","single-minded homolog 2 (Drosophila)","4"
"20464","Sim1","NA","single-minded homolog 1 (Drosophila)","2"
"20429","Shox2","NA","short stature homeobox 2","10"
"71514","Sfpq","NA","splicing factor proline","16"
"20375","Sfpi1","NA","SFFV proviral integration 1","18"
"240427","Setbp1","NA","SET binding protein 1","8"
"18292","Sebox","NA","SEBOX homeobox","2"
"20289","Scx","NA","scleraxis","2"
"545474","Scrt2","NA","scratch homolog 2, zinc finger protein (Drosophila)","20"
"170729","Scrt1","NA","scratch homolog 1, zinc finger protein (Drosophila)","14"
"244891","Scaper","NA","S phase cyclin A-associated protein in the ER","4"
"212712","Satb2","NA","special AT-rich sequence binding protein 2","22"
"20230","Satb1","NA","special AT-rich sequence binding protein 1","46"
"99377","Sall4","NA","sal-like 4 (Drosophila)","32"
"20689","Sall3","NA","sal-like 3 (Drosophila)","2"
"50524","Sall2","NA","sal-like 2 (Drosophila)","18"
"58198","Sall1","NA","sal-like 1 (Drosophila)","2"
"20183","Rxrg","NA","retinoid X receptor gamma","18"
"20182","Rxrb","NA","retinoid X receptor beta","6"
"12399","Runx3","NA","runt related transcription factor 3","10"
"12393","Runx2","NA","runt related transcription factor 2","26"
"12395","Runx1t1","NA","runt-related transcription factor 1; translocated to, 1 (cyclin D-related)","24"
"380855","Rsl1","NA","regulator of sex limited protein 1","2"
"19885","Rorc","NA","RAR-related orphan receptor gamma","16"
"225998","Rorb","NA","RAR-related orphan receptor beta","12"
"19883","Rora","NA","RAR-related orphan receptor alpha","16"
"109263","Rlf","NA","rearranged L-myc fusion sequence","2"
"434768","Rhox8","NA","reproductive homeobox 8","2"
"19202","Rhox6","NA","reproductive homeobox 6","8"
"73614","Rhox13","NA","reproductive homeobox 13","2"
"382282","Rhox12","NA","reproductive homeobox 12","2"
"434769","Rhox10","NA","reproductive homeobox 10","2"
"170767","Rfxap","NA","regulatory factor X-associated protein","8"
"19727","Rfxank","NA","regulatory factor X-associated ankyrin-containing protein","10"
"619289","Rfx8","NA","regulatory factor X 8","4"
"319758","Rfx7","NA","regulatory factor X, 7","10"
"320995","Rfx6","NA","regulatory factor X, 6","2"
"53970","Rfx5","NA","regulatory factor X, 5 (influences HLA class II expression)","2"
"71137","Rfx4","NA","regulatory factor X, 4 (influences HLA class II expression)","16"
"19726","Rfx3","NA","regulatory factor X, 3 (influences HLA class II expression)","16"
"19725","Rfx2","NA","regulatory factor X, 2 (influences HLA class II expression)","4"
"19724","Rfx1","NA","regulatory factor X, 1 (influences HLA class II expression)","8"
"68703","Rere","NA","arginine glutamic acid dipeptide (RE) repeats","12"
"19698","Relb","NA","avian reticuloendotheliosis viral (v-rel) oncogene related B","6"
"214742","Rcor3","NA","REST corepressor 3","6"
"104383","Rcor2","NA","REST corepressor 2","10"
"217864","Rcor1","NA","REST corepressor 1","2"
"319817","Rc3h2","NA","ring finger and CCCH-type zinc finger domains 2","6"
"381305","Rc3h1","NA","RING CCCH (C3H) domains 1","4"
"19668","Rbpjl","NA","recombination signal binding protein for immunoglobulin kappa J region-like","2"
"19664","Rbpj","NA","recombination signal binding protein for immunoglobulin kappa J region","24"
"66810","Rbm22","NA","RNA binding motif protein 22","4"
"57782","Rbak","NA","RB-associated KRAB repressor","4"
"19434","Rax","NA","retina and anterior neural fold homeobox","6"
"19411","Rarg","NA","retinoic acid receptor, gamma","20"
"218772","Rarb","NA","retinoic acid receptor, beta","14"
"19401","Rara","NA","retinoic acid receptor, alpha","28"
"75029","Purg","NA","purine-rich element binding protein G","2"
"19291","Purb","NA","purine rich element binding protein B","4"
"19290","Pura","NA","purine rich element binding protein A","12"
"19213","Ptf1a","NA","pancreas specific transcription factor, 1a","2"
"66645","Pspc1","NA","paraspeckle protein 1","2"
"107751","Prrxl1","NA","paired related homeobox protein-like 1","4"
"20204","Prrx2","NA","paired related homeobox 2","14"
"18933","Prrx1","NA","paired related homeobox 1","22"
"73422","Prox2","NA","prospero homeobox 2","2"
"19130","Prox1","NA","prospero-related homeobox 1","6"
"19127","Prop1","NA","paired like homeodomain factor 1","2"
"72981","Prkrir","NA","protein-kinase, interferon-inducible double stranded RNA dependent inhibitor, repressor of (P58 repressor)","8"
"50907","Preb","NA","prolactin regulatory element binding","12"
"213389","Prdm9","NA","PR domain containing 9","4"
"77630","Prdm8","NA","PR domain containing 8","2"
"225518","Prdm6","NA","PR domain containing 6","2"
"70779","Prdm5","NA","PR domain containing 5","2"
"72843","Prdm4","NA","PR domain containing 4","6"
"110593","Prdm2","NA","PR domain containing 2, with ZNF domain","6"
"70673","Prdm16","NA","PR domain containing 16","20"
"114604","Prdm15","NA","PR domain containing 15","4"
"230025","Prdm13","NA","PR domain containing 13","2"
"381359","Prdm12","NA","PR domain containing 12","2"
"100042784","Prdm11","NA","PR domain containing 11","6"
"382066","Prdm10","NA","PR domain containing 10","2"
"12142","Prdm1","NA","PR domain containing 1, with ZNF domain","10"
"333654","Ppp1r13l","NA","protein phosphatase 1, regulatory (inhibitor) subunit 13 like","8"
"19015","Ppard","NA","peroxisome proliferator activator receptor delta","14"
"19013","Ppara","NA","peroxisome proliferator activated receptor alpha","16"
"19009","Pou6f1","NA","POU domain, class 6, transcription factor 1","6"
"75507","Pou5f2","NA","POU domain class 5, transcription factor 2","6"
"18998","Pou4f3","NA","POU domain, class 4, transcription factor 3","6"
"18997","Pou4f2","NA","POU domain, class 4, transcription factor 2","2"
"18996","Pou4f1","NA","POU domain, class 4, transcription factor 1","2"
"18994","Pou3f4","NA","POU domain, class 3, transcription factor 4","8"
"18993","Pou3f3","NA","POU domain, class 3, transcription factor 3","6"
"18992","Pou3f2","NA","POU domain, class 3, transcription factor 2","8"
"18991","Pou3f1","NA","POU domain, class 3, transcription factor 1","4"
"18988","Pou2f3","NA","POU domain, class 2, transcription factor 3","2"
"18987","Pou2f2","NA","POU domain, class 2, transcription factor 2","4"
"18986","Pou2f1","NA","POU domain, class 2, transcription factor 1","6"
"18985","Pou2af1","NA","POU domain, class 2, associating factor 1","6"
"18736","Pou1f1","NA","POU domain, class 1, transcription factor 1","6"
"229584","Pogz","NA","pogo transposable element with ZNF domain","14"
"56193","Plek","NA","pleckstrin","24"
"54711","Plagl2","NA","pleiomorphic adenoma gene-like 2","18"
"22634","Plagl1","NA","pleiomorphic adenoma gene-like 1","8"
"208076","Pknox2","NA","Pbx","2"
"18771","Pknox1","NA","Pbx","4"
"18742","Pitx3","NA","paired-like homeodomain transcription factor 3","4"
"18741","Pitx2","NA","paired-like homeodomain transcription factor 2","18"
"18740","Pitx1","NA","paired-like homeodomain transcription factor 1","10"
"68770","Phtf2","NA","putative homeodomain transcription factor 2","8"
"18685","Phtf1","NA","putative homeodomain transcription factor 1","6"
"18935","Phox2b","NA","paired-like homeobox 2b","14"
"11859","Phox2a","NA","paired-like homeobox 2a","2"
"68479","Phf5a","NA","PHD finger protein 5A","4"
"228829","Phf20","NA","PHD finger protein 20","2"
"12034","Phb2","NA","prohibitin 2","4"
"18673","Phb","NA","prohibitin","2"
"18667","Pgr","NA","progesterone receptor","10"
"18616","Peg3","NA","paternally expressed 3","2"
"18609","Pdx1","NA","pancreatic and duodenal homeobox 1","6"
"71041","Pcgf6","NA","polycomb group ring finger 6","2"
"59092","Pcbp4","NA","poly(rC) binding protein 4","26"
"59093","Pcbp3","NA","poly(rC) binding protein 3","6"
"18521","Pcbp2","NA","poly(rC) binding protein 2","12"
"23983","Pcbp1","NA","poly(rC) binding protein 1","12"
"80720","Pbx4","NA","pre-B-cell leukemia homeobox 4","10"
"18516","Pbx3","NA","pre B-cell leukemia transcription factor 3","12"
"18515","Pbx2","NA","pre B-cell leukemia transcription factor 2","14"
"66923","Pbrm1","NA","polybromo 1","6"
"18511","Pax9","NA","paired box gene 9","4"
"18510","Pax8","NA","paired box gene 8","10"
"18509","Pax7","NA","paired box gene 7","6"
"18505","Pax3","NA","paired box gene 3","6"
"18503","Pax1","NA","paired box gene 1","10"
"114774","Pawr","NA","PRKC, apoptosis, WT1, regulator","12"
"56218","Patz1","NA","POZ (BTB) and AT hook containing zinc finger 1","22"
"243771","Parp12","NA","poly (ADP-ribose) polymerase family, member 12","6"
"11545","Parp1","NA","poly (ADP-ribose) polymerase family, member 1","8"
"107586","Ovol2","NA","ovo-like 2 (Drosophila)","6"
"18426","Ovol1","NA","OVO homolog-like 1 (Drosophila)","4"
"18424","Otx2","NA","orthodenticle homolog 2 (Drosophila)","10"
"18423","Otx1","NA","orthodenticle homolog 1 (Drosophila)","4"
"18420","Otp","NA","orthopedia homolog (Drosophila)","6"
"107587","Osr2","NA","odd-skipped related 2 (Drosophila)","4"
"23967","Osr1","NA","odd-skipped related 1 (Drosophila)","8"
"246086","Onecut3","NA","one cut domain, family member 3","2"
"225631","Onecut2","NA","one cut domain, family member 2","6"
"15379","Onecut1","NA","one cut domain, family member 1","10"
"94222","Olig3","NA","oligodendrocyte transcription factor 3","4"
"50913","Olig2","NA","oligodendrocyte transcription factor 2","6"
"50914","Olig1","NA","oligodendrocyte transcription factor 1","6"
"18185","Nrl","NA","neural retina leucine zipper gene","12"
"18181","Nrf1","NA","nuclear respiratory factor 1","4"
"14536","Nr6a1","NA","nuclear receptor subfamily 6, group A, member 1","6"
"26424","Nr5a2","NA","nuclear receptor subfamily 5, group A, member 2","24"
"26423","Nr5a1","NA","nuclear receptor subfamily 5, group A, member 1","4"
"18124","Nr4a3","NA","nuclear receptor subfamily 4, group A, member 3","32"
"15370","Nr4a1","NA","nuclear receptor subfamily 4, group A, member 1","2"
"110784","Nr3c2","NA","nuclear receptor subfamily 3, group C, member 2","8"
"13864","Nr2f6","NA","nuclear receptor subfamily 2, group F, member 6","10"
"11819","Nr2f2","NA","nuclear receptor subfamily 2, group F, member 2","12"
"21907","Nr2e1","NA","nuclear receptor subfamily 2, group E, member 1","8"
"22026","Nr2c2","NA","nuclear receptor subfamily 2, group C, member 2","18"
"22025","Nr2c1","NA","nuclear receptor subfamily 2, group C, member 1","4"
"12355","Nr1i3","NA","nuclear receptor subfamily 1, group I, member 3","4"
"18171","Nr1i2","NA","nuclear receptor subfamily 1, group I, member 2","4"
"381463","Nr1h5","NA","nuclear receptor subfamily 1, group H, member 5","2"
"20186","Nr1h4","NA","nuclear receptor subfamily 1, group H, member 4","8"
"22259","Nr1h3","NA","nuclear receptor subfamily 1, group H, member 3","14"
"353187","Nr1d2","NA","nuclear receptor subfamily 1, group D, member 2","4"
"217166","Nr1d1","NA","nuclear receptor subfamily 1, group D, member 1","20"
"23957","Nr0b2","NA","nuclear receptor subfamily 0, group B, member 2","2"
"11614","Nr0b1","NA","nuclear receptor subfamily 0, group B, member 1","4"
"225872","Npas4","NA","neuronal PAS domain protein 4","2"
"27386","Npas3","NA","neuronal PAS domain protein 3","6"
"18143","Npas2","NA","neuronal PAS domain protein 2","2"
"18142","Npas1","NA","neuronal PAS domain protein 1","2"
"53610","Nono","NA","non-POU-domain-containing, octamer binding protein","6"
"100608","Noc4l","NA","nucleolar complex associated 4 homolog (S. cerevisiae)","2"
"57753","Noc3l","NA","nucleolar complex associated 3 homolog (S. cerevisiae)","2"
"14912","Nkx6-2","NA","NK6 homeobox 2","2"
"18096","Nkx6-1","NA","NK6 homeobox 1","4"
"18094","Nkx2-9","NA","NK2 transcription factor related, locus 9 (Drosophila)","8"
"18092","Nkx2-6","NA","NK2 transcription factor related, locus 6 (Drosophila)","6"
"18091","Nkx2-5","NA","NK2 transcription factor related, locus 5 (Drosophila)","8"
"228731","Nkx2-4","NA","NK2 transcription factor related, locus 4 (Drosophila)","2"
"18089","Nkx2-3","NA","NK2 transcription factor related, locus 3 (Drosophila)","4"
"18088","Nkx2-2","NA","NK2 transcription factor related, locus 2 (Drosophila)","6"
"21869","Nkx2-1","NA","NK2 homeobox 1","20"
"77286","Nkrf","NA","NF-kappaB repressing factor","8"
"18072","Nhlh2","NA","nescient helix loop helix 2","4"
"18046","Nfyc","NA","nuclear transcription factor-Y gamma","6"
"18045","Nfyb","NA","nuclear transcription factor-Y beta","12"
"100978","Nfxl1","NA","nuclear transcription factor, X-box binding-like 1","2"
"74164","Nfx1","NA","nuclear transcription factor, X-box binding 1","2"
"235134","Nfrkb","NA","nuclear factor related to kappa B binding protein","2"
"80859","Nfkbiz","NA","nuclear factor of kappa light polypeptide gene enhancer in B-cells inhibitor, zeta","26"
"18038","Nfkbil1","NA","nuclear factor of kappa light polypeptide gene enhancer in B-cells inhibitor-like 1","10"
"18037","Nfkbie","NA","nuclear factor of kappa light polypeptide gene enhancer in B-cells inhibitor, epsilon","14"
"243910","Nfkbid","NA","nuclear factor of kappa light polypeptide gene enhancer in B-cells inhibitor, delta","34"
"18036","Nfkbib","NA","nuclear factor of kappa light polypeptide gene enhancer in B-cells inhibitor, beta","16"
"18035","Nfkbia","NA","nuclear factor of kappa light polypeptide gene enhancer in B-cells inhibitor, alpha","2"
"18034","Nfkb2","NA","nuclear factor of kappa light polypeptide gene enhancer in B-cells 2, p49","26"
"18032","Nfix","NA","nuclear factor I","30"
"18028","Nfib","NA","nuclear factor I","38"
"18027","Nfia","NA","nuclear factor I","42"
"18025","Nfe2l3","NA","nuclear factor, erythroid derived 2, like 3","6"
"18023","Nfe2l1","NA","nuclear factor, erythroid derived 2, -like 1","18"
"18022","Nfe2","NA","nuclear factor, erythroid derived 2","24"
"73181","Nfatc4","NA","nuclear factor of activated T-cells, cytoplasmic, calcineurin-dependent 4","8"
"18021","Nfatc3","NA","nuclear factor of activated T-cells, cytoplasmic, calcineurin-dependent 3","8"
"18018","Nfatc1","NA","nuclear factor of activated T-cells, cytoplasmic, calcineurin-dependent 1","8"
"54446","Nfat5","NA","nuclear factor of activated T-cells 5","6"
"11925","Neurog3","NA","neurogenin 3","2"
"11924","Neurog2","NA","neurogenin 2","8"
"18014","Neurog1","NA","neurogenin 1","2"
"11922","Neurod6","NA","neurogenic differentiation 6","6"
"11923","Neurod4","NA","neurogenic differentiation 4","4"
"18013","Neurod2","NA","neurogenic differentiation 2","4"
"18012","Neurod1","NA","neurogenic differentiation 1","6"
"20602","Ncor2","NA","nuclear receptor co-repressor 2","18"
"20185","Ncor1","NA","nuclear receptor co-repressor 1","24"
"211329","Ncoa7","NA","nuclear receptor coactivator 7","22"
"56406","Ncoa6","NA","nuclear receptor coactivator 6","6"
"228869","Ncoa5","NA","nuclear receptor coactivator 5","6"
"27057","Ncoa4","NA","nuclear receptor coactivator 4","18"
"17979","Ncoa3","NA","nuclear receptor coactivator 3","10"
"17978","Ncoa2","NA","nuclear receptor coactivator 2","14"
"17977","Ncoa1","NA","nuclear receptor coactivator 1","2"
"71950","Nanog","NA","Nanog homeobox","2"
"17933","Myt1l","NA","myelin transcription factor 1-like","20"
"17932","Myt1","NA","myelin transcription factor 1","10"
"54169","Myst4","NA","MYST histone acetyltransferase monocytic leukemia 4","6"
"244349","Myst3","NA","MYST histone acetyltransferase (monocytic leukemia) 3","4"
"217127","Myst2","NA","MYST histone acetyltransferase 2","8"
"67773","Myst1","NA","MYST histone acetyltransferase 1","2"
"320713","Mysm1","NA","myb-like, SWIRM and MPN domains 1","4"
"17928","Myog","NA","myogenin","6"
"17927","Myod1","NA","myogenic differentiation 1","4"
"80732","Mynn","NA","myoneurin","2"
"17878","Myf6","NA","myogenic factor 6","6"
"17877","Myf5","NA","myogenic factor 5","2"
"16918","Mycl1","NA","v-myc myelocytomatosis viral oncogene homolog 1, lung carcinoma derived (avian)","6"
"17865","Mybl2","NA","myeloblastosis oncogene-like 2","22"
"17864","Mybl1","NA","myeloblastosis oncogene-like 1","6"
"17859","Mxi1","NA","Max interacting protein 1","16"
"17122","Mxd4","NA","Max dimerization protein 4","8"
"17121","Mxd3","NA","Max dimerization protein 3","2"
"17119","Mxd1","NA","MAX dimerization protein 1","6"
"17765","Mtf2","NA","metal response element binding transcription factor 2","8"
"17764","Mtf1","NA","metal response element binding transcription factor 1","2"
"116871","Mta3","NA","metastasis associated 3","8"
"23942","Mta2","NA","metastasis-associated gene family, member 2","14"
"116870","Mta1","NA","metastasis associated 1","2"
"17703","Msx3","NA","homeobox, msh-like 3","4"
"17702","Msx2","NA","homeobox, msh-like 2","8"
"17701","Msx1","NA","homeobox, msh-like 1","2"
"17681","Msc","NA","musculin","4"
"15285","Mnx1","NA","motor neuron and pancreas homeobox 1","4"
"17428","Mnt","NA","max binding protein","8"
"58805","Mlxipl","NA","MLX interacting protein-like","2"
"208104","Mlxip","NA","MLX interacting protein","6"
"21428","Mlx","NA","MAX-like protein X","2"
"246198","Mllt6","NA","myeloid","10"
"17356","Mllt4","NA","myeloid","16"
"70122","Mllt3","NA","myeloid","22"
"56772","Mllt11","NA","myeloid","18"
"17354","Mllt10","NA","myeloid","24"
"64144","Mllt1","NA","myeloid","4"
"69188","Mll5","NA","myeloid","18"
"231051","Mll3","NA","myeloid","8"
"381022","Mll2","NA","myeloid","2"
"214162","Mll1","NA","myeloid","2"
"210719","Mkx","NA","mohawk homeobox","2"
"17342","Mitf","NA","microphthalmia-associated transcription factor","16"
"218613","Mier3","NA","mesoderm induction early response 1, family member 3","12"
"70427","Mier2","NA","mesoderm induction early response 1, family member 2","2"
"71148","Mier1","NA","mesoderm induction early response 1 homolog (Xenopus laevis","28"
"29808","Mga","NA","MAX gene associated","10"
"17293","Mesp2","NA","mesoderm posterior 2","4"
"17292","Mesp1","NA","mesoderm posterior 1","8"
"17286","Meox2","NA","mesenchyme homeobox 2","10"
"17285","Meox1","NA","mesenchyme homeobox 1","4"
"17537","Meis3","NA","Meis homeobox 3","8"
"17536","Meis2","NA","Meis homeobox 2","32"
"17268","Meis1","NA","Meis homeobox 1","12"
"17261","Mef2d","NA","myocyte enhancer factor 2D","16"
"17260","Mef2c","NA","myocyte enhancer factor 2C","24"
"17259","Mef2b","NA","myocyte enhancer factor 2B","8"
"17257","Mecp2","NA","methyl CpG binding protein 2","6"
"14013","Mecom","NA","MDS1 and EVI1 complex locus","28"
"171170","Mbnl3","NA","muscleblind-like 3 (Drosophila)","12"
"110962","Mbd6","NA","methyl-CpG binding domain protein 6","16"
"109241","Mbd5","NA","methyl-CpG binding domain protein 5","10"
"17193","Mbd4","NA","methyl-CpG binding domain protein 4","4"
"73503","Mbd3l1","NA","methyl-CpG binding domain protein 3-like 1","10"
"17192","Mbd3","NA","methyl-CpG binding domain protein 3","14"
"17191","Mbd2","NA","methyl-CpG binding domain protein 2","10"
"17190","Mbd1","NA","methyl-CpG binding domain protein 1","8"
"17188","Maz","NA","MYC-associated zinc finger protein (purine-binding transcription factor)","42"
"17184","Matr3","NA","matrin 3","10"
"17135","Mafk","NA","v-maf musculoaponeurotic fibrosarcoma oncogene family, protein K (avian)","6"
"17134","Mafg","NA","v-maf musculoaponeurotic fibrosarcoma oncogene family, protein G (avian)","18"
"17133","Maff","NA","v-maf musculoaponeurotic fibrosarcoma oncogene family, protein F (avian)","14"
"378435","Mafa","NA","v-maf musculoaponeurotic fibrosarcoma oncogene family, protein A (avian)","4"
"68877","Maf1","NA","MAF1 homolog (S. cerevisiae)","6"
"17132","Maf","NA","avian musculoaponeurotic fibrosarcoma (v-maf) AS42 oncogene homolog","56"
"98558","Mael","NA","maelstrom homolog (Drosophila)","4"
"17095","Lyl1","NA","lymphoblastomic leukemia 1","12"
"17089","Lyar","NA","Ly1 antibody reactive clone","10"
"71268","Lrrfip2","NA","leucine rich repeat (in FLII) interacting protein 2","10"
"16978","Lrrfip1","NA","leucine rich repeat (in FLII) interacting protein 1","12"
"16917","Lmx1b","NA","LIM homeobox transcription factor 1 beta","2"
"110648","Lmx1a","NA","LIM homeobox transcription factor 1 alpha","10"
"16876","Lhx9","NA","LIM homeobox protein 9","10"
"16875","Lhx8","NA","LIM homeobox protein 8","6"
"16874","Lhx6","NA","LIM homeobox protein 6","6"
"16873","Lhx5","NA","LIM homeobox protein 5","10"
"16872","Lhx4","NA","LIM homeobox protein 4","4"
"16870","Lhx2","NA","LIM homeobox protein 2","12"
"16869","Lhx1","NA","LIM homeobox protein 1","6"
"16842","Lef1","NA","lymphoid enhancer binding factor 1","32"
"209707","Lcorl","NA","ligand dependent nuclear receptor corepressor-like","4"
"212391","Lcor","NA","ligand dependent nuclear receptor corepressor","8"
"320858","L3mbtl4","NA","l(3)mbt-like 4 (Drosophila)","2"
"237339","L3mbtl3","NA","l(3)mbt-like 3 (Drosophila)","4"
"214669","L3mbtl2","NA","l(3)mbt-like 2 (Drosophila)","4"
"241764","L3mbtl1","NA","l(3)mbt-like (Drosophila)","2"
"16601","Klf9","NA","Kruppel-like factor 9","20"
"93691","Klf7","NA","Kruppel-like factor 7 (ubiquitous)","22"
"23849","Klf6","NA","Kruppel-like factor 6","12"
"12224","Klf5","NA","Kruppel-like factor 5","4"
"16599","Klf3","NA","Kruppel-like factor 3 (basic)","28"
"16598","Klf2","NA","Kruppel-like factor 2 (lung)","6"
"75753","Klf17","NA","Kruppel-like factor 17","2"
"118445","Klf16","NA","Kruppel-like factor 16","4"
"66277","Klf15","NA","Kruppel-like factor 15","14"
"619665","Klf14","NA","Kruppel-like factor 14","2"
"50794","Klf13","NA","Kruppel-like factor 13","8"
"16597","Klf12","NA","Kruppel-like factor 12","10"
"194655","Klf11","NA","Kruppel-like factor 11","4"
"21847","Klf10","NA","Kruppel-like factor 10","4"
"16596","Klf1","NA","Kruppel-like factor 1 (erythroid)","2"
"16549","Khsrp","NA","KH-type splicing regulatory protein","8"
"20592","Kdm5d","NA","lysine (K)-specific demethylase 5D","2"
"20591","Kdm5c","NA","lysine (K)-specific demethylase 5C","2"
"75605","Kdm5b","NA","lysine (K)-specific demethylase 5B","6"
"214899","Kdm5a","NA","lysine (K)-specific demethylase 5A","8"
"225876","Kdm2a","NA","lysine (K)-specific demethylase 2A","2"
"56461","Kcnip3","NA","Kv channel interacting protein 3, calsenilin","10"
"74287","Kcmf1","NA","potassium channel modulatory factor 1","14"
"81601","Kat5","NA","K(lysine) acetyltransferase 5","2"
"16478","Jund","NA","Jun proto-oncogene related gene d","6"
"16477","Junb","NA","Jun-B oncogene","6"
"16476","Jun","NA","Jun oncogene","4"
"81703","Jdp2","NA","Jun dimerization protein 2","14"
"231986","Jazf1","NA","JAZF zinc finger 1","12"
"16468","Jarid2","NA","jumonji, AT rich interactive domain 2","42"
"71597","Isx","NA","intestine specific homeobox","14"
"104360","Isl2","NA","insulin related protein 2 (islet 2)","2"
"16392","Isl1","NA","ISL1 transcription factor, LIM","2"
"54352","Irx5","NA","Iroquois related homeobox 5 (Drosophila)","12"
"50916","Irx4","NA","Iroquois related homeobox 4 (Drosophila)","6"
"16373","Irx3","NA","Iroquois related homeobox 3 (Drosophila)","18"
"16372","Irx2","NA","Iroquois related homeobox 2 (Drosophila)","6"
"16371","Irx1","NA","Iroquois related homeobox 1 (Drosophila)","10"
"16391","Irf9","NA","interferon regulatory factor 9","6"
"15900","Irf8","NA","interferon regulatory factor 8","6"
"54123","Irf7","NA","interferon regulatory factor 7","16"
"54139","Irf6","NA","interferon regulatory factor 6","12"
"27056","Irf5","NA","interferon regulatory factor 5","24"
"16364","Irf4","NA","interferon regulatory factor 4","2"
"54131","Irf3","NA","interferon regulatory factor 3","6"
"56856","Insm2","NA","insulinoma-associated 2","2"
"67143","Ikzf5","NA","IKAROS family zinc finger 5","4"
"22781","Ikzf4","NA","IKAROS family zinc finger 4","4"
"22780","Ikzf3","NA","IKAROS family zinc finger 3","28"
"22779","Ikzf2","NA","IKAROS family zinc finger 2","8"
"22778","Ikzf1","NA","IKAROS family zinc finger 1","38"
"15904","Id4","NA","inhibitor of DNA binding 4","8"
"15903","Id3","NA","inhibitor of DNA binding 3","4"
"15902","Id2","NA","inhibitor of DNA binding 2","4"
"15901","Id1","NA","inhibitor of DNA binding 1","2"
"71066","Hsfy2","NA","heat shock transcription factor, Y linked 2","10"
"327992","Hsf5","NA","heat shock transcription factor family member 5","10"
"26386","Hsf4","NA","heat shock transcription factor 4","4"
"15500","Hsf2","NA","heat shock factor 2","4"
"15499","Hsf1","NA","heat shock factor 1","2"
"15438","Hoxd9","NA","homeobox D9","12"
"15437","Hoxd8","NA","homeobox D8","20"
"15436","Hoxd4","NA","homeobox D4","6"
"15434","Hoxd3","NA","homeobox D3","16"
"15433","Hoxd13","NA","homeobox D13","2"
"15432","Hoxd12","NA","homeobox D12","4"
"15431","Hoxd11","NA","homeobox D11","12"
"15430","Hoxd10","NA","homeobox D10","10"
"15426","Hoxc8","NA","homeobox C8","8"
"15425","Hoxc6","NA","homeobox C6","10"
"15424","Hoxc5","NA","homeobox C5","2"
"15423","Hoxc4","NA","homeobox C4","8"
"15422","Hoxc13","NA","homeobox C13","8"
"15421","Hoxc12","NA","homeobox C12","4"
"209448","Hoxc10","NA","homeobox C10","8"
"15417","Hoxb9","NA","homeobox B9","10"
"15416","Hoxb8","NA","homeobox B8","12"
"15415","Hoxb7","NA","homeobox B7","10"
"15414","Hoxb6","NA","homeobox B6","18"
"15413","Hoxb5","NA","homeobox B5","8"
"15412","Hoxb4","NA","homeobox B4","8"
"15410","Hoxb3","NA","homeobox B3","4"
"103889","Hoxb2","NA","homeobox B2","20"
"15408","Hoxb13","NA","homeobox B13","10"
"15405","Hoxa9","NA","homeobox A9","4"
"15404","Hoxa7","NA","homeobox A7","8"
"15403","Hoxa6","NA","homeobox A6","6"
"15402","Hoxa5","NA","homeobox A5","4"
"15401","Hoxa4","NA","homeobox A4","2"
"15400","Hoxa3","NA","homeobox A3","6"
"15399","Hoxa2","NA","homeobox A2","4"
"15398","Hoxa13","NA","homeobox A13","4"
"15396","Hoxa11","NA","homeobox A11","6"
"15395","Hoxa10","NA","homeobox A10","18"
"15394","Hoxa1","NA","homeobox A1","2"
"74318","Hopx","NA","HOP homeobox","20"
"239099","Homez","NA","homeodomain leucine zipper-encoding gene","4"
"15387","Hnrnpk","NA","heterogeneous nuclear ribonucleoprotein K","10"
"30942","Hnf4g","NA","hepatocyte nuclear factor 4, gamma","6"
"15372","Hmx2","NA","H6 homeobox 2","2"
"15371","Hmx1","NA","H6 homeobox 1","8"
"70823","Hmgxb4","NA","HMG box domain containing 4","8"
"106894","Hmgxb3","NA","HMG box domain containing 3","4"
"15364","Hmga2","NA","high mobility group AT-hook 2","26"
"15361","Hmga1","NA","high mobility group AT-hook 1","28"
"15353","Hmg20b","NA","high mobility group 20 B","12"
"66867","Hmg20a","NA","high mobility group 20A","12"
"219150","Hmbox1","NA","homeobox containing 1","8"
"15284","Hlx","NA","H2.0-like homeobox","22"
"20585","Hltf","NA","helicase-like transcription factor","6"
"110189","Hkr1","NA","GLI-Kruppel family member HKR1","0"
"16656","Hivep3","NA","human immunodeficiency virus type I enhancer binding protein 3","12"
"15273","Hivep2","NA","human immunodeficiency virus type I enhancer binding protein 2","20"
"110521","Hivep1","NA","human immunodeficiency virus type I enhancer binding protein 1","8"
"102423","Hinfp","NA","histone H4 transcription factor","2"
"53417","Hif3a","NA","hypoxia inducible factor 3, alpha subunit","8"
"58180","Hic2","NA","hypermethylated in cancer 2","2"
"15248","Hic1","NA","hypermethylated in cancer 1","4"
"15242","Hhex","NA","hematopoietically expressed homeobox","8"
"56198","Heyl","NA","hairy","4"
"15214","Hey2","NA","hairy","6"
"15213","Hey1","NA","hairy","10"
"15209","Hesx1","NA","homeobox gene expressed in ES cells","6"
"55927","Hes6","NA","hairy and enhancer of split 6 (Drosophila)","2"
"15208","Hes5","NA","hairy and enhancer of split 5 (Drosophila)","4"
"15207","Hes3","NA","hairy and enhancer of split 3 (Drosophila)","6"
"15206","Hes2","NA","hairy and enhancer of split 2 (Drosophila)","2"
"15205","Hes1","NA","hairy and enhancer of split 1 (Drosophila)","16"
"234219","Helt","NA","helt bHLH transcription factor","2"
"245596","Hdx","NA","highly divergent homeobox","2"
"73389","Hbp1","NA","high mobility group box transcription factor 1","6"
"15111","Hand2","NA","heart and neural crest derivatives expressed transcript 2","4"
"74533","Gzf1","NA","GDNF-inducible zinc finger protein 1","6"
"66596","Gtf3a","NA","general transcription factor III A","12"
"14886","Gtf2i","NA","general transcription factor II I","26"
"14843","Gsx2","NA","GS homeobox 2","2"
"14842","Gsx1","NA","GS homeobox 1","2"
"14836","Gsc","NA","goosecoid homeobox","4"
"232906","Grlf1","NA","glucocorticoid receptor DNA binding factor 1","22"
"230824","Grhl3","NA","grainyhead-like 3 (Drosophila)","4"
"252973","Grhl2","NA","grainyhead-like 2 (Drosophila)","12"
"195733","Grhl1","NA","grainyhead-like 1 (Drosophila)","10"
"229004","Gmeb2","NA","glucocorticoid modulatory element binding protein 2","4"
"56809","Gmeb1","NA","glucocorticoid modulatory element binding protein 1","4"
"225908","Gm98","NA","predicted gene 98","4"
"666257","Gm8008","NA","predicted gene 8008","4"
"207806","Gm608","NA","predicted gene 608","4"
"240038","Gm4944","NA","predicted gene 4944","2"
"226075","Glis3","NA","GLIS family zinc finger 3","12"
"83396","Glis2","NA","GLIS family zinc finger 2","6"
"230587","Glis1","NA","GLIS family zinc finger 1","4"
"14634","Gli3","NA","GLI-Kruppel family member GLI3","12"
"14633","Gli2","NA","GLI-Kruppel family member GLI2","14"
"14632","Gli1","NA","GLI-Kruppel family member GLI1","6"
"14582","Gfi1b","NA","growth factor independent 1B","6"
"14581","Gfi1","NA","growth factor independent 1","4"
"14531","Gcm1","NA","glial cells missing homolog 1 (Drosophila)","2"
"67367","Gcfc1","NA","GC-rich sequence DNA-binding factor 1","8"
"14472","Gbx2","NA","gastrulation brain homeobox 2","6"
"231044","Gbx1","NA","gastrulation brain homeobox 1","2"
"229542","Gatad2b","NA","GATA zinc finger domain containing 2B","8"
"234366","Gatad2a","NA","GATA zinc finger domain containing 2A","30"
"67210","Gatad1","NA","GATA zinc finger domain containing 1","10"
"14465","Gata6","NA","GATA binding protein 6","10"
"14464","Gata5","NA","GATA binding protein 5","8"
"14463","Gata4","NA","GATA binding protein 4","18"
"14462","Gata3","NA","GATA binding protein 3","26"
"14461","Gata2","NA","GATA binding protein 2","12"
"213054","Gabpb2","NA","GA repeat binding protein, beta 2","8"
"14391","Gabpb1","NA","GA repeat binding protein, beta 1","12"
"320267","Fubp3","NA","far upstream element (FUSE) binding protein 3","10"
"51886","Fubp1","NA","far upstream element (FUSE) binding protein 1","6"
"14239","Foxs1","NA","forkhead box S1","4"
"382074","Foxr1","NA","forkhead box R1","2"
"74123","Foxp4","NA","forkhead box P4","30"
"20371","Foxp3","NA","forkhead box P3","10"
"114142","Foxp2","NA","forkhead box P2","48"
"108655","Foxp1","NA","forkhead box P1","32"
"329934","Foxo6","NA","forkhead box O6","4"
"54601","Foxo4","NA","forkhead box O4","6"
"56458","Foxo1","NA","forkhead box O1","6"
"116810","Foxn4","NA","forkhead box N4","8"
"71375","Foxn3","NA","forkhead box N3","14"
"14236","Foxn2","NA","forkhead box N2","4"
"15218","Foxn1","NA","forkhead box N1","4"
"14235","Foxm1","NA","forkhead box M1","6"
"26927","Foxl2","NA","forkhead box L2","8"
"14241","Foxl1","NA","forkhead box L1","2"
"68837","Foxk2","NA","forkhead box K2","4"
"17425","Foxk1","NA","forkhead box K1","2"
"230700","Foxj3","NA","forkhead box J3","8"
"60611","Foxj2","NA","forkhead box J2","4"
"15223","Foxj1","NA","forkhead box J1","8"
"232077","Foxi3","NA","forkhead box I3","2"
"14106","Foxh1","NA","forkhead box H1","10"
"15228","Foxg1","NA","forkhead box G1","16"
"15227","Foxf1a","NA","forkhead box F1a","4"
"30923","Foxe3","NA","forkhead box E3","2"
"110805","Foxe1","NA","forkhead box E1","2"
"17301","Foxd2","NA","forkhead box D2","4"
"14234","Foxc2","NA","forkhead box C2","6"
"17300","Foxc1","NA","forkhead box C1","14"
"64290","Foxb1","NA","forkhead box B1","6"
"15377","Foxa3","NA","forkhead box A3","2"
"14284","Fosl2","NA","fos-like antigen 2","10"
"14283","Fosl1","NA","fos-like antigen 1","6"
"14282","Fosb","NA","FBJ osteosarcoma oncogene B","12"
"14281","Fos","NA","FBJ osteosarcoma oncogene","10"
"14247","Fli1","NA","Friend leukemia integration 1","14"
"23877","Fiz1","NA","Flt3 interacting zinc finger protein 1","6"
"26910","Figla","NA","folliculogenesis specific basic helix-loop-helix","2"
"54713","Fezf2","NA","Fez family zinc finger 2","12"
"73191","Fezf1","NA","Fez family zinc finger 1","2"
"114712","Ferd3l","NA","Fer3-like (Drosophila)","2"
"225497","Fam170a","NA","family with sequence similarity 170, member A","4"
"14056","Ezh2","NA","enhancer of zeste homolog 2 (Drosophila)","4"
"14055","Ezh1","NA","enhancer of zeste homolog 1 (Drosophila)","2"
"14029","Evx2","NA","even skipped homeotic gene 2 homolog","10"
"14011","Etv6","NA","ets variant gene 6 (TEL oncogene)","16"
"104156","Etv5","NA","ets variant gene 5","8"
"18612","Etv4","NA","ets variant gene 4 (E1A enhancer binding protein, E1AF)","26"
"27049","Etv3","NA","ets variant gene 3","18"
"14008","Etv2","NA","ets variant gene 2","2"
"14009","Etv1","NA","ets variant gene 1","22"
"23872","Ets2","NA","E26 avian leukemia oncogene 2, 3' domain","10"
"23871","Ets1","NA","E26 avian leukemia oncogene 1, 5' domain","18"
"13984","Esx1","NA","extraembryonic, spermatogenesis, homeobox 1","8"
"26381","Esrrg","NA","estrogen-related receptor gamma","14"
"26379","Esrra","NA","estrogen related receptor, alpha","4"
"13876","Erg","NA","avian erythroblastosis virus E-26 (v-ets) oncogene related","4"
"13875","Erf","NA","Ets2 repressor factor","4"
"13819","Epas1","NA","endothelial PAS domain protein 1","22"
"13813","Eomes","NA","eomesodermin homolog (Xenopus laevis)","10"
"13806","Eno1","NA","enolase 1, alpha non-neuron","22"
"13799","En2","NA","engrailed 2","4"
"13797","Emx2","NA","empty spiracles homolog 2 (Drosophila)","18"
"13796","Emx1","NA","empty spiracles homolog 1 (Drosophila)","6"
"13713","Elk3","NA","ELK3, member of ETS oncogene family","10"
"56501","Elf4","NA","E74-like factor 4 (ets domain transcription factor)","10"
"13710","Elf3","NA","E74-like factor 3","2"
"69257","Elf2","NA","E74-like factor 2","18"
"13709","Elf1","NA","E74-like factor 1","10"
"13661","Ehf","NA","ets homologous factor","8"
"13656","Egr4","NA","early growth response 4","4"
"13655","Egr3","NA","early growth response 3","8"
"13654","Egr2","NA","early growth response 2","16"
"228598","Ebf4","NA","early B-cell factor 4","2"
"13593","Ebf3","NA","early B-cell factor 3","28"
"13592","Ebf2","NA","early B-cell factor 2","16"
"13560","E4f1","NA","E4F transcription factor 1","4"
"108961","E2f8","NA","E2F transcription factor 8","10"
"52679","E2f7","NA","E2F transcription factor 7","2"
"50496","E2f6","NA","E2F transcription factor 6","4"
"13559","E2f5","NA","E2F transcription factor 5","8"
"104394","E2f4","NA","E2F transcription factor 4","2"
"13557","E2f3","NA","E2F transcription factor 3","12"
"242705","E2f2","NA","E2F transcription factor 2","16"
"66556","Drap1","NA","Dr1 associated protein 1 (negative cofactor 2 alpha)","20"
"13486","Dr1","NA","down-regulator of transcription 1","10"
"70127","Dpf3","NA","D4, zinc and double PHD fingers, family 3","4"
"19708","Dpf2","NA","D4, zinc and double PHD fingers family 2","6"
"29861","Dpf1","NA","D4, zinc and double PHD fingers family 1","12"
"54427","Dnmt3l","NA","DNA (cytosine-5-)-methyltransferase 3-like","16"
"13436","Dnmt3b","NA","DNA methyltransferase 3B","8"
"13435","Dnmt3a","NA","DNA methyltransferase 3A","38"
"13433","Dnmt1","NA","DNA methyltransferase (cytosine-5) 1","6"
"78244","Dnajc21","NA","DnaJ (Hsp40) homolog, subfamily C, member 21","6"
"22791","Dnajc2","NA","DnaJ (Hsp40) homolog, subfamily C, member 2","4"
"13418","Dnajc1","NA","DnaJ (Hsp40) homolog, subfamily C, member 1","14"
"23857","Dmtf1","NA","cyclin D binding myb-like transcription factor 1","6"
"71241","Dmrtc2","NA","doublesex and mab-3 related transcription factor like family C2","6"
"56296","Dmrtb1","NA","DMRT-like family B with proline-rich C-terminal, 1","18"
"242620","Dmrta2","NA","doublesex and mab-3 related transcription factor like family A2","4"
"242523","Dmrta1","NA","doublesex and mab-3 related transcription factor like family A1","8"
"240590","Dmrt3","NA","doublesex and mab-3 related transcription factor 3","8"
"226049","Dmrt2","NA","doublesex and mab-3 related transcription factor 2","2"
"50796","Dmrt1","NA","doublesex and mab-3 related transcription factor 1","12"
"140477","Dmbx1","NA","diencephalon","2"
"66233","Dmap1","NA","DNA methyltransferase 1-associated protein 1","4"
"13396","Dlx6","NA","distal-less homeobox 6","10"
"13395","Dlx5","NA","distal-less homeobox 5","8"
"13393","Dlx3","NA","distal-less homeobox 3","4"
"13392","Dlx2","NA","distal-less homeobox 2","12"
"13390","Dlx1","NA","distal-less homeobox 1","28"
"54006","Deaf1","NA","deformed epidermal autoregulatory factor 1 (Drosophila)","14"
"107986","Ddb2","NA","damage specific DNA binding protein 2","10"
"223843","Dbx2","NA","developing brain homeobox 2","4"
"13172","Dbx1","NA","developing brain homeobox 1","6"
"13170","Dbp","NA","D site albumin promoter binding protein","24"
"93837","Dach2","NA","dachshund 2 (Drosophila)","6"
"13134","Dach1","NA","dachshund 1 (Drosophila)","14"
"330286","D630045J12Rik","NA","RIKEN cDNA D630045J12 gene","18"
"74322","Cxxc1","NA","CXXC finger 1 (PHD domain)","12"
"13048","Cux2","NA","cut-like homeobox 2","14"
"13047","Cux1","NA","cut-like homeobox 1","20"
"664799","Ctcfl","NA","CCCTC-binding factor (zinc finger protein)-like","2"
"77771","Csrnp3","NA","cysteine-serine-rich nuclear protein 3","14"
"207785","Csrnp2","NA","cysteine-serine-rich nuclear protein 2","4"
"215418","Csrnp1","NA","cysteine-serine-rich nuclear protein 1","4"
"56449","Csda","NA","cold shock domain protein A","10"
"12951","Crx","NA","cone-rod homeobox containing gene","2"
"12916","Crem","NA","cAMP responsive element modulator","40"
"233490","Crebzf","NA","CREB","4"
"232430","Crebl2","NA","cAMP responsive element binding protein-like 2","6"
"12914","Crebbp","NA","CREB binding protein","4"
"231991","Creb5","NA","cAMP responsive element binding protein 5","8"
"78284","Creb3l4","NA","cAMP responsive element binding protein 3-like 4","8"
"208677","Creb3l3","NA","cAMP responsive element binding protein 3-like 3","8"
"208647","Creb3l2","NA","cAMP responsive element binding protein 3-like 2","6"
"26427","Creb3l1","NA","cAMP responsive element binding protein 3-like 1","6"
"12913","Creb3","NA","cAMP responsive element binding protein 3","6"
"57354","Cramp1l","NA","Crm, cramped-like (Drosophila)","12"
"382239","Cpxcr1","NA","CPX chromosome region, candidate 1","4"
"53621","Cnot4","NA","CCR4-NOT transcription complex, subunit 4","4"
"12753","Clock","NA","circadian locomotor output cycles kaput","8"
"68379","Ciz1","NA","CDKN1A interacting zinc finger protein 1","10"
"71722","Cic","NA","capicua homolog (Drosophila)","26"
"320394","Cenpt","NA","centromere protein T","4"
"12607","Cebpz","NA","CCAAT","2"
"12611","Cebpg","NA","CCAAT","6"
"110794","Cebpe","NA","CCAAT","8"
"12609","Cebpd","NA","CCAAT","2"
"12608","Cebpb","NA","CCAAT","6"
"12591","Cdx2","NA","caudal type homeobox 2","10"
"12590","Cdx1","NA","caudal type homeobox 1","4"
"71702","Cdc5l","NA","cell division cycle 5-like (S. pombe)","14"
"320022","Ccdc79","NA","coiled-coil domain containing 79","2"
"12400","Cbfb","NA","core binding factor beta","12"
"69743","Casz1","NA","castor homolog 1, zinc finger (Drosophila)","14"
"52502","Carhsp1","NA","calcium regulated heat stable protein 1","6"
"216874","Camta2","NA","calmodulin binding transcription activator 2","22"
"100072","Camta1","NA","calmodulin binding transcription activator 1","16"
"231855","C330006K01Rik","NA","RIKEN cDNA C330006K01 gene","2"
"238317","C130039O16Rik","NA","RIKEN cDNA C130039O16 gene","20"
"244813","Bsx","NA","brain specific homeobox","2"
"12189","Brca1","NA","breast cancer 1","2"
"207165","Bptf","NA","bromodomain PHD finger transcription factor","8"
"78653","Bola3","NA","bolA-like 3 (E. coli)","10"
"66162","Bola2","NA","bolA-like 2 (E. coli)","4"
"69168","Bola1","NA","bolA-like 1 (E. coli)","4"
"242509","Bnc2","NA","basonuclin 2","10"
"12173","Bnc1","NA","basonuclin 1","6"
"107771","Bmyc","NA","brain expressed myelocytomatosis oncogene","10"
"12156","Bmp2","NA","bone morphogenetic protein 2","6"
"79362","Bhlhe41","NA","basic helix-loop-helix family, member e41","16"
"20893","Bhlhe40","NA","basic helix-loop-helix family, member e40","20"
"59058","Bhlhe22","NA","basic helix-loop-helix family, member e22","10"
"70237","Bhlhb9","NA","basic helix-loop-helix domain containing, class B9","8"
"320522","Bhlha9","NA","basic helix-loop-helix family, member a9","2"
"17341","Bhlha15","NA","basic helix-loop-helix family, member a15","4"
"72567","Bclaf1","NA","BCL2-associated transcription factor 1","12"
"12029","Bcl6b","NA","B-cell CLL","4"
"12053","Bcl6","NA","B-cell leukemia","4"
"12051","Bcl3","NA","B-cell leukemia","2"
"58208","Bcl11b","NA","B-cell leukemia","20"
"14025","Bcl11a","NA","B-cell CLL","28"
"70508","Bbx","NA","bobby sox homolog (Drosophila)","24"
"74481","Batf2","NA","basic leucine zipper transcription factor, ATF-like 2","6"
"53314","Batf","NA","basic leucine zipper transcription factor, ATF-like","4"
"12023","Barx2","NA","BarH-like homeobox 2","10"
"12022","Barx1","NA","BarH-like homeobox 1","12"
"104382","Barhl2","NA","BarH-like 2 (Drosophila)","8"
"54422","Barhl1","NA","BarH-like 1 (Drosophila)","8"
"12014","Bach2","NA","BTB and CNC homology 2","14"
"12013","Bach1","NA","BTB and CNC homology 1","8"
"246103","Atxn7","NA","ataxin 7","2"
"22589","Atrx","NA","alpha thalassemia","20"
"71093","Atoh8","NA","atonal homolog 8 (Drosophila)","12"
"53404","Atoh7","NA","atonal homolog 7 (Drosophila)","2"
"11921","Atoh1","NA","atonal homolog 1 (Drosophila)","2"
"223922","Atf7","NA","activating transcription factor 7","4"
"12915","Atf6b","NA","activating transcription factor 6 beta","8"
"226641","Atf6","NA","activating transcription factor 6","10"
"107503","Atf5","NA","activating transcription factor 5","10"
"11911","Atf4","NA","activating transcription factor 4","12"
"11910","Atf3","NA","activating transcription factor 3","6"
"11909","Atf2","NA","activating transcription factor 2","8"
"11908","Atf1","NA","activating transcription factor 1","20"
"23808","Ash2l","NA","ash2 (absent, small, or homeotic)-like (Drosophila)","12"
"192195","Ash1l","NA","ash1 (absent, small, or homeotic)-like (Drosophila)","4"
"56787","Ascl3","NA","achaete-scute complex homolog 3 (Drosophila)","2"
"17173","Ascl2","NA","achaete-scute complex homolog 2 (Drosophila)","4"
"17172","Ascl1","NA","achaete-scute complex homolog 1 (Drosophila)","2"
"11878","Arx","NA","aristaless related homeobox","2"
"272322","Arntl2","NA","aryl hydrocarbon receptor nuclear translocator-like 2","4"
"11865","Arntl","NA","aryl hydrocarbon receptor nuclear translocator-like","2"
"11864","Arnt2","NA","aryl hydrocarbon receptor nuclear translocator 2","16"
"71371","Arid5b","NA","AT rich interactive domain 5B (MRF1-like)","22"
"214855","Arid5a","NA","AT rich interactive domain 5A (MRF1-like)","6"
"94246","Arid4b","NA","AT rich interactive domain 4B (RBP1-like)","4"
"238247","Arid4a","NA","AT rich interactive domain 4A (RBP1-like)","10"
"550619","Arid3c","NA","AT rich interactive domain 3C (BRIGHT-like)","2"
"56380","Arid3b","NA","AT rich interactive domain 3B (BRIGHT-like)","4"
"13496","Arid3a","NA","AT rich interactive domain 3A (BRIGHT-like)","12"
"77044","Arid2","NA","AT rich interactive domain 2 (ARID, RFX-like)","8"
"239985","Arid1b","NA","AT rich interactive domain 1B (SWI-like)","12"
"93760","Arid1a","NA","AT rich interactive domain 1A (SWI-like)","28"
"52231","Ankzf1","NA","ankyrin repeat and zinc finger domain containing 1","2"
"11695","Alx4","NA","aristaless-like homeobox 4","6"
"11694","Alx3","NA","aristaless-like homeobox 3","2"
"216285","Alx1","NA","ALX homeobox 1","8"
"100182","Akna","NA","AT-hook transcription factor","18"
"11634","Aire","NA","autoimmune regulator (autoimmune polyendocrinopathy candidiasis ectodermal dystrophy)","10"
"226747","Ahctf1","NA","AT hook containing transcription factor 1","10"
"93736","Aff4","NA","AF4","14"
"16764","Aff3","NA","AF4","18"
"14266","Aff2","NA","AF4","4"
"17355","Aff1","NA","AF4","40"
"11569","Aebp2","NA","AE binding protein 2","16"
"11568","Aebp1","NA","AE binding protein 1","6"
"240442","Adnp2","NA","ADNP homeobox 2","4"
"11538","Adnp","NA","activity-dependent neuroprotective protein","18"
"330361","AW146020","NA","expressed sequence AW146020","2"
"100043133","9130023H24Rik","NA","RIKEN cDNA 9130023H24 gene","2"